<Ui xmlns="http://www.blizzard.com/wow/ui/">
	<Script file="Blizzard.lua"/>
	<Script file="DeathRecap.lua"/>
	<Script file="TakeAllMail.lua"/>
	<Script file="AddonList.lua"/>
	<Script file="DressUpFrame.lua"/>
	<Script file="BetterSearchBox.lua"/>
	<Script file="AnimatedAchievementsBars.lua"/>
	<Script file="ErrorFrame.lua"/>

	<Include file="TimerTracker.xml"/>
	<Script file="TimerTracker.lua"/>

	<Script file="Modelframes.lua"/>

	<Include file="CharacterFrame.xml"/>
	<Script file="CharacterFrame.lua"/>
</Ui>